Facial expression,Caption,Category,Resource,,,,,,,,,,,,,
Happy,There is always a reason to smile. Find it.,motivational,https://rawmalroams.com/smiling-captions-for-instagram-smile-quotes-for-instagram/,,,,,,,,,,,,,
Happy,"When all else fails, smile.",motivational,https://rawmalroams.com/smiling-captions-for-instagram-smile-quotes-for-instagram/,,,,,,,,,,,,,
Happy,Turn that frown upside down!,catchy,https://rawmalroams.com/smiling-captions-for-instagram-smile-quotes-for-instagram/,,,,,,,,,,,,,
Happy,"Smile, happiness looks gorgeous on you.",sassy,https://rawmalroams.com/smiling-captions-for-instagram-smile-quotes-for-instagram/,,,,,,,,,,,,,
Happy,Every smile makes you a day younger.,clever,https://rawmalroams.com/smiling-captions-for-instagram-smile-quotes-for-instagram/,,,,,,,,,,,,,
Happy,Don’t forget to smile today.,simple,https://rawmalroams.com/smiling-captions-for-instagram-smile-quotes-for-instagram/,,,,,,,,,,,,,
Happy,Never lose your smile.,simple,https://rawmalroams.com/smiling-captions-for-instagram-smile-quotes-for-instagram/,,,,,,,,,,,,,
Happy,The best things in life are free! (The smile!),motivational,https://rawmalroams.com/smiling-captions-for-instagram-smile-quotes-for-instagram/,,,,,,,,,,,,,
Happy,"Smile at the world, and it smiles back at you.",clever,https://rawmalroams.com/smiling-captions-for-instagram-smile-quotes-for-instagram/,,,,,,,,,,,,,
Happy,"Life is short, so be adventurous and smile a lot.",simple,https://rawmalroams.com/smiling-captions-for-instagram-smile-quotes-for-instagram/,,,,,,,,,,,,,
Happy,Never forget that you don’t have to feel happy to wear a smile.,clever,https://rawmalroams.com/smiling-captions-for-instagram-smile-quotes-for-instagram/,,,,,,,,,,,Happy !,,funny
Happy,"The teeth are smiling, but is the heart? African proverb",clever,https://rawmalroams.com/smiling-captions-for-instagram-smile-quotes-for-instagram/,,,,,,,,,,,Neutral !,,simple
Happy,"Count your age by friends, not years. Count your life by smiles, not tears.",clever,https://rawmalroams.com/smiling-captions-for-instagram-smile-quotes-for-instagram/,,,,,,,,,,,Sad !,,catchy
Happy,I love those random memories that make me smile.,simple,https://rawmalroams.com/smiling-captions-for-instagram-smile-quotes-for-instagram/,,,,,,,,,,,Surprised !,,sassy
Happy,Gratitude is the secret to never-ending smiles.,sassy,https://rawmalroams.com/smiling-captions-for-instagram-smile-quotes-for-instagram/,,,,,,,,,,,Fear !,,art
Happy,"Whatever comes in my way, I take it with a smile.",motivational,https://rawmalroams.com/smiling-captions-for-instagram-smile-quotes-for-instagram/,,,,,,,,,,,Disgust,,lyrics
Happy,Smiling is the best way to improve your day!,simple,https://rawmalroams.com/smiling-captions-for-instagram-smile-quotes-for-instagram/,,,,,,,,,,,Anger !,,quote
Happy,"It’s not always easy to find a reason to smile, but you’re always worth it.",clever,https://rawmalroams.com/smiling-captions-for-instagram-smile-quotes-for-instagram/,,,,,,,,,,,,,clever
Happy,"Life is short. Break the rules. Forgive quickly. Kiss slowly. Love truly. 
Laugh uncontrollably and never regret anything that makes you smile.",clever,https://rawmalroams.com/smiling-captions-for-instagram-smile-quotes-for-instagram/,,,,,,,,,,,,,motivational
Happy,"Feel bad? Smile more. It’s counterintuitive, but it works. You can’t hold a 
smile for long without feeling better.",motivational,https://rawmalroams.com/smiling-captions-for-instagram-smile-quotes-for-instagram/,,,,,,,,,,,,,marketing 
Happy,"“Don’t cry because it’s over, smile because it happened.” – Max Eastman",quote,https://rawmalroams.com/smiling-captions-for-instagram-smile-quotes-for-instagram/,,,,,,,,,,,,,descriptive
Happy,"“The people who make you smile from just seeing them, those are my favorite 
people.” – Leonardo da Vinci",quote,https://rawmalroams.com/smiling-captions-for-instagram-smile-quotes-for-instagram/,,,,,,,,,,,,,
Happy,“Never regret anything that made you smile.” – Mark Twain,quote,https://rawmalroams.com/smiling-captions-for-instagram-smile-quotes-for-instagram/,,,,,,,,,,,,,
Happy,“Nothing you wear is more important than your smile.” – Connie Stevens,quote,https://rawmalroams.com/smiling-captions-for-instagram-smile-quotes-for-instagram/,,,,,,,,,,,,,
Happy,“A smile is a powerful weapon; you can even break ice with it.” – Unknown,quote,https://rawmalroams.com/smiling-captions-for-instagram-smile-quotes-for-instagram/,,,,,,,,,,,,,
Happy,"“Smile, it’s free therapy.” – Douglas Horton",quote,https://rawmalroams.com/smiling-captions-for-instagram-smile-quotes-for-instagram/,,,,,,,,,,,,,
Happy,"“For a moment at least, be a smile on someone else’s face.” – Unknown",quote,https://rawmalroams.com/smiling-captions-for-instagram-smile-quotes-for-instagram/,,,,,,,,,,,,,
Happy,“A smile is the best defense against in an offensive world.” – Unknown,quote,https://rawmalroams.com/smiling-captions-for-instagram-smile-quotes-for-instagram/,,,,,,,,,,,,,
Happy,“A smile is an inexpensive way to change your looks.” – Clemmie Galati,quote,https://rawmalroams.com/smiling-captions-for-instagram-smile-quotes-for-instagram/,,,,,,,,,,,,,
Happy,"“There are hundreds of languages in the world but a smile speaks them all.” 
– Unknown",quote,https://rawmalroams.com/smiling-captions-for-instagram-smile-quotes-for-instagram/,,,,,,,,,,,,,
Happy,"“The robbed that smiles, steals something from the thief.” – William 
Shakespeare",quote,https://rawmalroams.com/smiling-captions-for-instagram-smile-quotes-for-instagram/,,,,,,,,,,,,,
Happy,"“Children smile on the average 400 times/day; Adults: 15 times/day. Ever 
wonder why?” – Unknown",quote,https://rawmalroams.com/smiling-captions-for-instagram-smile-quotes-for-instagram/,,,,,,,,,,,,,
Happy,"“Strong people are ones who can smile for others’ happiness.” – Veronica 
Purcell",quote,https://rawmalroams.com/smiling-captions-for-instagram-smile-quotes-for-instagram/,,,,,,,,,,,,,
Happy,"“Smile, it is the key that fits the lock of everybody’s heart.” – Anthony 
J. D’Angelo",quote,https://rawmalroams.com/smiling-captions-for-instagram-smile-quotes-for-instagram/,,,,,,,,,,,,,
Happy,"“Today, give a stranger one of your smiles. It might be the only sunshine 
he sees all day.” – H. Jackson Brown, Jr.",quote,https://rawmalroams.com/smiling-captions-for-instagram-smile-quotes-for-instagram/,,,,,,,,,,,,,
Happy,“Start every day off with a smile and get it over with.” – W.C. Fields,quote,https://rawmalroams.com/smiling-captions-for-instagram-smile-quotes-for-instagram/,,,,,,,,,,,,,
Happy,“The world always looks brighter from behind a smile.” – Unknown,quote,https://rawmalroams.com/smiling-captions-for-instagram-smile-quotes-for-instagram/,,,,,,,,,,,,,
Happy,"“Spend your life with people who make you smile, laugh, and feel loved.” – 
Roy T. Bennett",quote,https://rawmalroams.com/smiling-captions-for-instagram-smile-quotes-for-instagram/,,,,,,,,,,,,,
Happy,"“Nothing is more beautiful than a smile that has struggled through tears.” 
– Demi Lovato",quote,https://rawmalroams.com/smiling-captions-for-instagram-smile-quotes-for-instagram/,,,,,,,,,,,,,
Happy,"“The human race has one really effective weapon, and that is laughter.” – 
Mark Twain",quote,https://rawmalroams.com/smiling-captions-for-instagram-smile-quotes-for-instagram/,,,,,,,,,,,,,
Happy,"“Her smile, I’m sure, burnt Rome to the ground.” – Unknown",quote,https://rawmalroams.com/smiling-captions-for-instagram-smile-quotes-for-instagram/,,,,,,,,,,,,,
Happy,"“7 billion smiles, and yours is my favorite.” – Unknown",quote,https://rawmalroams.com/smiling-captions-for-instagram-smile-quotes-for-instagram/,,,,,,,,,,,,,
Happy,"“She wrote love with her smile and magic with her eyes.” – Giovannie de 
Sadeleer",quote,https://rawmalroams.com/smiling-captions-for-instagram-smile-quotes-for-instagram/,,,,,,,,,,,,,
Happy,“A quick smile is more seductive than a slinky dress.” – Mason Cooley,quote,https://rawmalroams.com/smiling-captions-for-instagram-smile-quotes-for-instagram/,,,,,,,,,,,,,
Happy,“A smile is the prettiest thing you can wear.” – Unknown,quote,https://rawmalroams.com/smiling-captions-for-instagram-smile-quotes-for-instagram/,,,,,,,,,,,,,
Happy,“A smile is the best makeup any girl can wear.” – Marilyn Monroe,quote,https://rawmalroams.com/smiling-captions-for-instagram-smile-quotes-for-instagram/,,,,,,,,,,,,,
Happy,"“Smiling is confusing, she thought. This is why I don’t do it.” – Rainbow 
Rowell",quote,https://rawmalroams.com/smiling-captions-for-instagram-smile-quotes-for-instagram/,,,,,,,,,,,,,
Happy,"“I smile like a flower not only with my lips but with my whole being.” – 
Rumi",quote,https://rawmalroams.com/smiling-captions-for-instagram-smile-quotes-for-instagram/,,,,,,,,,,,,,
Happy,“I’m a simple woman. I only need a smile to brighten up my day.” – Unknow,quote,https://rawmalroams.com/smiling-captions-for-instagram-smile-quotes-for-instagram/,,,,,,,,,,,,,
Happy,The most beautiful curve on a woman’s body is her smile.,clever,https://rawmalroams.com/smiling-captions-for-instagram-smile-quotes-for-instagram/,,,,,,,,,,,,,
Happy,She wrote love with her smile and magic with her eyes.,clever,https://rawmalroams.com/smiling-captions-for-instagram-smile-quotes-for-instagram/,,,,,,,,,,,,,
Happy,"And in her smile, I see something more beautiful than the stars.",simple,https://rawmalroams.com/smiling-captions-for-instagram-smile-quotes-for-instagram/,,,,,,,,,,,,,
Happy,A warm & happy look is a must for a good day!,simple,https://rawmalroams.com/smiling-captions-for-instagram-smile-quotes-for-instagram/,,,,,,,,,,,,,
Happy,Keep Smiling. Keep Shining.,simple,https://rawmalroams.com/smiling-captions-for-instagram-smile-quotes-for-instagram/,,,,,,,,,,,,,
Happy,I’m so happy to have you around.,simple,https://rawmalroams.com/smiling-captions-for-instagram-smile-quotes-for-instagram/,,,,,,,,,,,,,
Happy,Forget the wardrobe. Wear a smile.,simple,https://rawmalroams.com/smiling-captions-for-instagram-smile-quotes-for-instagram/,,,,,,,,,,,,,
Happy,Happy is the new pretty.,simple,https://rawmalroams.com/smiling-captions-for-instagram-smile-quotes-for-instagram/,,,,,,,,,,,,,
Happy,"It’s a game of smiles, girl.",simple,https://rawmalroams.com/smiling-captions-for-instagram-smile-quotes-for-instagram/,,,,,,,,,,,,,
Happy,I love a man in a suit. A smile? Even better.,simple,https://rawmalroams.com/smiling-captions-for-instagram-smile-quotes-for-instagram/,,,,,,,,,,,,,
Happy,I’m so happy I could smile and never stop!,simple,https://rawmalroams.com/smiling-captions-for-instagram-smile-quotes-for-instagram/,,,,,,,,,,,,,
Happy,Smile is the best makeup.,simple,https://rawmalroams.com/smiling-captions-for-instagram-smile-quotes-for-instagram/,,,,,,,,,,,,,
Happy,It’s the little things in life that make me smile.,simple,https://rawmalroams.com/smiling-captions-for-instagram-smile-quotes-for-instagram/,,,,,,,,,,,,,
Happy,Be your own kind of beautiful.,simple,https://rawmalroams.com/smiling-captions-for-instagram-smile-quotes-for-instagram/,,,,,,,,,,,,,
Happy,"The lightest smile touched her lips. She sat in silence, feeling bliss.",simple,https://rawmalroams.com/smiling-captions-for-instagram-smile-quotes-for-instagram/,,,,,,,,,,,,,
Happy,Beautiful ladies with beautiful smiles.,simple,https://rawmalroams.com/smiling-captions-for-instagram-smile-quotes-for-instagram/,,,,,,,,,,,,,
Happy,A pretty smile is a girl’s best accessory.,simple,https://rawmalroams.com/smiling-captions-for-instagram-smile-quotes-for-instagram/,,,,,,,,,,,,,
Happy,"It’s good to smile in the morning, but it’s better to smile with someone.",simple,https://rawmalroams.com/smiling-captions-for-instagram-smile-quotes-for-instagram/,,,,,,,,,,,,,
Happy,You don’t need makeup with a smile like that.,simple,https://rawmalroams.com/smiling-captions-for-instagram-smile-quotes-for-instagram/,,,,,,,,,,,,,
Happy,Super cute photo of a smiling girl.,simple,https://rawmalroams.com/smiling-captions-for-instagram-smile-quotes-for-instagram/,,,,,,,,,,,,,
Happy,“A laugh is a smile out of control.” – Wyatt B. Pringle Jr,quote,https://rawmalroams.com/smiling-captions-for-instagram-smile-quotes-for-instagram/,,,,,,,,,,,,,
Happy,“Smiles are free but they are worth a lot.” –  Unknown,quote,https://rawmalroams.com/smiling-captions-for-instagram-smile-quotes-for-instagram/,,,,,,,,,,,,,
Happy,“There is thin line between smile and laughter.” – Santosh Kalwar,quote,https://rawmalroams.com/smiling-captions-for-instagram-smile-quotes-for-instagram/,,,,,,,,,,,,,
Happy,“Smiling resets your mood.” – Joel Osteen,quote,https://rawmalroams.com/smiling-captions-for-instagram-smile-quotes-for-instagram/,,,,,,,,,,,,,
Happy,“A smile confuses an approaching frown.” – Unknown,quote,https://rawmalroams.com/smiling-captions-for-instagram-smile-quotes-for-instagram/,,,,,,,,,,,,,
Happy,"“Smile. Have you ever noticed how easily puppies make human friends? Yet 
all they do is wag their tails and fall over.” – Walter Anderson",quote,https://rawmalroams.com/smiling-captions-for-instagram-smile-quotes-for-instagram/,,,,,,,,,,,,,
Happy,"“Keep a smile on your face and let your personality be your autograph.” – 
Unknown",quote,https://rawmalroams.com/smiling-captions-for-instagram-smile-quotes-for-instagram/,,,,,,,,,,,,,
Happy,“I think that anybody that smiles automatically looks better.” – Diane Lane,quote,https://rawmalroams.com/smiling-captions-for-instagram-smile-quotes-for-instagram/,,,,,,,,,,,,,
Happy,There is no angry way to say bubbles.,funny,https://rawmalroams.com/smiling-captions-for-instagram-smile-quotes-for-instagram/,,,,,,,,,,,,,
Happy,"When you turn this cute, you’ll be smiling too.",sassy,https://rawmalroams.com/smiling-captions-for-instagram-smile-quotes-for-instagram/,,,,,,,,,,,,,
Happy,"Grown-ups can be cute, too.",funny,https://rawmalroams.com/smiling-captions-for-instagram-smile-quotes-for-instagram/,,,,,,,,,,,,,
Happy,Keep It Real.,simple,https://rawmalroams.com/smiling-captions-for-instagram-smile-quotes-for-instagram/,,,,,,,,,,,,,
Happy,Smiling is my favourite exercise.,simple,https://rawmalroams.com/smiling-captions-for-instagram-smile-quotes-for-instagram/,,,,,,,,,,,,,
Happy,Smile like the stars.,simple,https://rawmalroams.com/smiling-captions-for-instagram-smile-quotes-for-instagram/,,,,,,,,,,,,,
Happy,Showing your teeth is a big plus.,simple,https://rawmalroams.com/smiling-captions-for-instagram-smile-quotes-for-instagram/,,,,,,,,,,,,,
Happy,There’s so much to smile about today!,simple,https://rawmalroams.com/smiling-captions-for-instagram-smile-quotes-for-instagram/,,,,,,,,,,,,,
Happy,"I’ve heard that when you smile, you become more attractive.",simple,https://rawmalroams.com/smiling-captions-for-instagram-smile-quotes-for-instagram/,,,,,,,,,,,,,
Happy,Your smile is contagious. Let’s see if I can catch it.,simple,https://rawmalroams.com/smiling-captions-for-instagram-smile-quotes-for-instagram/,,,,,,,,,,,,,
Happy,You make my heart smile.,simple,https://rawmalroams.com/smiling-captions-for-instagram-smile-quotes-for-instagram/,,,,,,,,,,,,,
Happy,Smile and a kiss make everything better!,simple,https://rawmalroams.com/smiling-captions-for-instagram-smile-quotes-for-instagram/,,,,,,,,,,,,,
Happy,Smile wide. Laugh loud. Live Life.,simple,https://rawmalroams.com/smiling-captions-for-instagram-smile-quotes-for-instagram/,,,,,,,,,,,,,
Happy,Let’s make a big smile together!,simple,https://rawmalroams.com/smiling-captions-for-instagram-smile-quotes-for-instagram/,,,,,,,,,,,,,
Happy,"OK, I’m smiling because I just saw a cute cat.",simple,https://rawmalroams.com/smiling-captions-for-instagram-smile-quotes-for-instagram/,,,,,,,,,,,,,
Happy,You make all the right moves when you’re smiling.,simple,https://rawmalroams.com/smiling-captions-for-instagram-smile-quotes-for-instagram/,,,,,,,,,,,,,
Happy,"Smiling is contagious. Therefore, you should smile more often.",simple,https://rawmalroams.com/smiling-captions-for-instagram-smile-quotes-for-instagram/,,,,,,,,,,,,,
Happy,A smile makes any face beautiful.,simple,https://rawmalroams.com/smiling-captions-for-instagram-smile-quotes-for-instagram/,,,,,,,,,,,,,
Happy,A smile is a curve that sets everything straight.,simple,https://rawmalroams.com/smiling-captions-for-instagram-smile-quotes-for-instagram/,,,,,,,,,,,,,
Happy,Smiles are always in fashion.,simple,https://rawmalroams.com/smiling-captions-for-instagram-smile-quotes-for-instagram/,,,,,,,,,,,,,
Happy,Smiling is kryptonite to a bad mood.,simple,https://rawmalroams.com/smiling-captions-for-instagram-smile-quotes-for-instagram/,,,,,,,,,,,,,
Happy,You smile. I smile. We all smile!,simpe,https://rawmalroams.com/smiling-captions-for-instagram-smile-quotes-for-instagram/,,,,,,,,,,,,,
Happy,Making you smile is my mission in life.,simpe,https://rawmalroams.com/smiling-captions-for-instagram-smile-quotes-for-instagram/,,,,,,,,,,,,,
Happy,Smiles are contagious. Pass them one.,catchy,https://rawmalroams.com/smiling-captions-for-instagram-smile-quotes-for-instagram/,,,,,,,,,,,,,
Happy,Do less. Smile more.,catchy,https://rawmalroams.com/smiling-captions-for-instagram-smile-quotes-for-instagram/,,,,,,,,,,,,,
Happy,Smile more. You’ll make new friends.,clever,https://rawmalroams.com/smiling-captions-for-instagram-smile-quotes-for-instagram/,,,,,,,,,,,,,
Happy,Every smile makes you a day younger.,clever,https://rawmalroams.com/smiling-captions-for-instagram-smile-quotes-for-instagram/,,,,,,,,,,,,,
Happy,Smile is the beauty of the soul.,catchy,https://rawmalroams.com/smiling-captions-for-instagram-smile-quotes-for-instagram/,,,,,,,,,,,,,
Happy,Sunny Sundae Smile.,simple,https://rawmalroams.com/smiling-captions-for-instagram-smile-quotes-for-instagram/,,,,,,,,,,,,,
Happy,"Who needs words when you can send a wink, give a nudge, and flash a smile?",catchy,https://rawmalroams.com/smiling-captions-for-instagram-smile-quotes-for-instagram/,,,,,,,,,,,,,
Happy,"A big grin can make your day, but a smirk can make your life.",simple,https://rawmalroams.com/smiling-captions-for-instagram-smile-quotes-for-instagram/,,,,,,,,,,,,,
Happy,"Smile, happiness looks gorgeous on you.",sassy,https://rawmalroams.com/smiling-captions-for-instagram-smile-quotes-for-instagram/,,,,,,,,,,,,,
Happy,Wake up with a smile and go after life!,clever,https://rawmalroams.com/smiling-captions-for-instagram-smile-quotes-for-instagram/,,,,,,,,,,,,,
Happy,"Lighten up. Force a smile. And feel your mood lift with the dimples on your 
cheeks.",motivational,https://rawmalroams.com/smiling-captions-for-instagram-smile-quotes-for-instagram/,,,,,,,,,,,,,
Happy,Cute smiley faces to make your day a little bit better.,simple,https://rawmalroams.com/smiling-captions-for-instagram-smile-quotes-for-instagram/,,,,,,,,,,,,,
Happy,There’s always a reason to smile. It’s up to us to find it.,motivational,https://rawmalroams.com/smiling-captions-for-instagram-smile-quotes-for-instagram/,,,,,,,,,,,,,
Happy,"I can hack your tears away but only if you give me the password to your 
smile.",catchy,https://rawmalroams.com/smiling-captions-for-instagram-smile-quotes-for-instagram/,,,,,,,,,,,,,
Happy,You can’t lose a smile. It’s right under your nose.,funny,https://rawmalroams.com/smiling-captions-for-instagram-smile-quotes-for-instagram/,,,,,,,,,,,,,
Happy,"A smile is a light in the window of your face that tells people you’re at 
home.",clever,https://rawmalroams.com/smiling-captions-for-instagram-smile-quotes-for-instagram/,,,,,,,,,,,,,
Happy,I just made a new recipe. It’s free. It’s a gentle smile.,clever,https://rawmalroams.com/smiling-captions-for-instagram-smile-quotes-for-instagram/,,,,,,,,,,,,,
Happy,A great picture to brighten up your day! Did you see that cute kitty?,simple,https://rawmalroams.com/smiling-captions-for-instagram-smile-quotes-for-instagram/,,,,,,,,,,,,,
Happy,Be happy and spread happiness with these cute smile captions.,simple,https://rawmalroams.com/smiling-captions-for-instagram-smile-quotes-for-instagram/,,,,,,,,,,,,,
Happy,"The best way to fight against stress is to smile. So, smile!",simple,https://rawmalroams.com/smiling-captions-for-instagram-smile-quotes-for-instagram/,,,,,,,,,,,,,
Happy,"It’s a beautiful day, so let’s get out there and smile at everyone!",simple,https://rawmalroams.com/smiling-captions-for-instagram-smile-quotes-for-instagram/,,,,,,,,,,,,,
Happy,Never underestimate the power of a smile.,simple,https://rawmalroams.com/smiling-captions-for-instagram-smile-quotes-for-instagram/,,,,,,,,,,,,,
Happy,"Treat a smile like a child does treats their favourite toy. Take it 
everywhere.",simple,https://rawmalroams.com/smiling-captions-for-instagram-smile-quotes-for-instagram/,,,,,,,,,,,,,
Happy,Smiling is the best example of how valuable things aren’t always expensive.,simple,https://rawmalroams.com/smiling-captions-for-instagram-smile-quotes-for-instagram/,,,,,,,,,,,,,
Happy,Dimples are beautiful. They show where the smiles happen.,simple,https://rawmalroams.com/smiling-captions-for-instagram-smile-quotes-for-instagram/,,,,,,,,,,,,,
Happy,Smiles happen in the eyes as much as the face and lips.,catchy,https://rawmalroams.com/smiling-captions-for-instagram-smile-quotes-for-instagram/,,,,,,,,,,,,,
Happy,You are never too old to smile.,motivational,https://rawmalroams.com/smiling-captions-for-instagram-smile-quotes-for-instagram/,,,,,,,,,,,,,
Happy,Smiling at the camera.,simple,https://rawmalroams.com/smiling-captions-for-instagram-smile-quotes-for-instagram/,,,,,,,,,,,,,
Happy,Make your day with this happy photo!,simple,https://rawmalroams.com/smiling-captions-for-instagram-smile-quotes-for-instagram/,,,,,,,,,,,,,
Happy,I feel like I’m the only person who smiles like this.,simple,https://rawmalroams.com/smiling-captions-for-instagram-smile-quotes-for-instagram/,,,,,,,,,,,,,
Happy,I’m smiling over here because this post is so awesome.,simple,https://rawmalroams.com/smiling-captions-for-instagram-smile-quotes-for-instagram/,,,,,,,,,,,,,
Happy,"When you have a beautiful smile, you smile for free.",catchy,https://rawmalroams.com/smiling-captions-for-instagram-smile-quotes-for-instagram/,,,,,,,,,,,,,
Happy,What makes you smile today?,simple,https://rawmalroams.com/smiling-captions-for-instagram-smile-quotes-for-instagram/,,,,,,,,,,,,,
Happy,"A little sunshine for your day, courtesy of …",,https://rawmalroams.com/smiling-captions-for-instagram-smile-quotes-for-instagram/,,,,,,,,,,,,,
Happy,I smile because I have no idea what’s going on!,funny,https://rawmalroams.com/smiling-captions-for-instagram-smile-quotes-for-instagram/,,,,,,,,,,,,,
Happy,"Life is beautiful, so live it with a smile on your face!",motivational,https://rawmalroams.com/smiling-captions-for-instagram-smile-quotes-for-instagram/,,,,,,,,,,,,,
Happy,“Keep walking and keep smiling.” – Tiny Tim,quote,https://rawmalroams.com/smiling-captions-for-instagram-smile-quotes-for-instagram/,,,,,,,,,,,,,
Happy,"“It takes 26 muscles to smile, and 62 muscles to frown.” – Unknown",quote,https://rawmalroams.com/smiling-captions-for-instagram-smile-quotes-for-instagram/,,,,,,,,,,,,,
Happy,“An enigmatic smile is worth ten pages of dialogue.” – Connie Brockway,quote,https://rawmalroams.com/smiling-captions-for-instagram-smile-quotes-for-instagram/,,,,,,,,,,,,,
Happy,"“Just one smile immensely increases the beauty of the universe.” – Sri 
Chinmoy",quote,https://rawmalroams.com/smiling-captions-for-instagram-smile-quotes-for-instagram/,,,,,,,,,,,,,
Happy,"“It takes a lot of energy to be negative. You have to work at it. But 
smiling is painless. I’d rather spend my energy smiling.” – Eric Davis",quote,https://rawmalroams.com/smiling-captions-for-instagram-smile-quotes-for-instagram/,,,,,,,,,,,,,
Happy,"“Your smile brightens the lives of all who see it. To someone who has seen 
a dozen people frown, scowl or turn their faces away, your smile is like 
the sun breaking through the clouds.” – Dale Carnegie",quote,https://rawmalroams.com/smiling-captions-for-instagram-smile-quotes-for-instagram/,,,,,,,,,,,,,
Happy,"“Smiling doesn’t necessarily mean you’re happy. Sometimes it just means 
you’re strong.” – Unknown",quote,https://rawmalroams.com/smiling-captions-for-instagram-smile-quotes-for-instagram/,,,,,,,,,,,,,
Happy,"“There’s nothing better than looking in the mirror and seeing a smile.” – 
Unknown",quote,https://rawmalroams.com/smiling-captions-for-instagram-smile-quotes-for-instagram/,,,,,,,,,,,,,
Happy,"“A smile transcends language. No matter where you are in the world, the 
smile on your lips speaks volumes.” – Unknown",quote,https://rawmalroams.com/smiling-captions-for-instagram-smile-quotes-for-instagram/,,,,,,,,,,,,,
Happy,"“I’m the kind of person who smiles a lot. You know, I like to spread the 
good vibes to the world.” – Unknown",quote,https://rawmalroams.com/smiling-captions-for-instagram-smile-quotes-for-instagram/,,,,,,,,,,,,,
Happy,I smile because I have a secret. And I am going to keep it.,funny,https://rawmalroams.com/smiling-captions-for-instagram-smile-quotes-for-instagram/,,,,,,,,,,,,,
Happy,"Smile, it’s better than a poke in the eye.",funny,https://rawmalroams.com/smiling-captions-for-instagram-smile-quotes-for-instagram/,,,,,,,,,,,,,
Happy,"Smile, people are watching.",simple,https://rawmalroams.com/smiling-captions-for-instagram-smile-quotes-for-instagram/,,,,,,,,,,,,,
Happy,It’s like a warm hug without the germs.,funny,https://rawmalroams.com/smiling-captions-for-instagram-smile-quotes-for-instagram/,,,,,,,,,,,,,
Happy,Smile! You could be dead.,simple,https://rawmalroams.com/smiling-captions-for-instagram-smile-quotes-for-instagram/,,,,,,,,,,,,,
Happy,"Stay strong, make them wonder how you’re still smiling.",motivational,https://rawmalroams.com/smiling-captions-for-instagram-smile-quotes-for-instagram/,,,,,,,,,,,,,
Happy,"When a new day begins, dare to smile gratefully.",motivational,https://rawmalroams.com/smiling-captions-for-instagram-smile-quotes-for-instagram/,,,,,,,,,,,,,
Happy,"Smile. It will either warm their heart or piss them off. Either way, you 
win.",motivational,https://rawmalroams.com/smiling-captions-for-instagram-smile-quotes-for-instagram/,,,,,,,,,,,,,
Happy,"We’re not trying to tell you to smile, we’re just trying to put a smile on 
your face.",simple,https://rawmalroams.com/smiling-captions-for-instagram-smile-quotes-for-instagram/,,,,,,,,,,,,,
Happy,"Real talk: If you’re not going to smile, then what’s the point?",catchy,https://rawmalroams.com/smiling-captions-for-instagram-smile-quotes-for-instagram/,,,,,,,,,,,,,
Happy,Who needs plastic surgery when you can transform your face with a smile?,simple,https://rawmalroams.com/smiling-captions-for-instagram-smile-quotes-for-instagram/,,,,,,,,,,,,,
Happy,Smile; it the second best thing one can do with one’s lips.,catchy,https://rawmalroams.com/smiling-captions-for-instagram-smile-quotes-for-instagram/,,,,,,,,,,,,,
Happy,Keep smiling. It makes people wonder what you are up to.,funny,https://rawmalroams.com/smiling-captions-for-instagram-smile-quotes-for-instagram/,,,,,,,,,,,,,
Happy,"“You haven’t lost your smile at all, it’s right under your nose. You just 
forgot it was there.” – Unknown",funny,https://rawmalroams.com/smiling-captions-for-instagram-smile-quotes-for-instagram/,,,,,,,,,,,,,
Happy,“A quick smile is more seductive than a slinky dress.” – Mason Cooley,quote,https://rawmalroams.com/smiling-captions-for-instagram-smile-quotes-for-instagram/,,,,,,,,,,,,,
Happy,"""I’m as happy as I look.""",catchy,https://rawmalroams.com/smiling-captions-for-instagram-smile-quotes-for-instagram/,,,,,,,,,,,,,
Happy,It’s easy to smile around you.,simple,https://rawmalroams.com/smiling-captions-for-instagram-smile-quotes-for-instagram/,,,,,,,,,,,,,
Happy,A person showing happiness and joy by smiling with his teath,descirptive,,,,,,,,,,,,,,
Happy,"A smile is the most versatile wardrobe accessory known to man. You can wear 
it anytime and anyplace and it always looks good.",simple,https://rawmalroams.com/smiling-captions-for-instagram-smile-quotes-for-instagram/,,,,,,,,,,,,,
Happy,"Smiling makes my day brighter. Keep it up, you’re looking good!",simple,https://rawmalroams.com/smiling-captions-for-instagram-smile-quotes-for-instagram/,,,,,,,,,,,,,
Happy,"Oh beautiful man, where’s your smile! Greet the day like it’s your last.",simple,https://rawmalroams.com/smiling-captions-for-instagram-smile-quotes-for-instagram/,,,,,,,,,,,,,
Happy,The world can be offensive. A smile is your best defence against it.,catchy,https://rawmalroams.com/smiling-captions-for-instagram-smile-quotes-for-instagram/,,,,,,,,,,,,,
Happy,I’m so happy I could smile all day and all night!,simple,https://rawmalroams.com/smiling-captions-for-instagram-smile-quotes-for-instagram/,,,,,,,,,,,,,
Happy,Kissing and smiling. My two favourite things to do with my lips.,simple,https://rawmalroams.com/smiling-captions-for-instagram-smile-quotes-for-instagram/,,,,,,,,,,,,,
Happy,Happiness is a state of mind.,clever,https://rawmalroams.com/smiling-captions-for-instagram-smile-quotes-for-instagram/,,,,,,,,,,,,,
Happy,Flashing white teeth!,sassy,https://rawmalroams.com/smiling-captions-for-instagram-smile-quotes-for-instagram/,,,,,,,,,,,,,
Happy,Always make sure you’re smiling when you take a selfie.,simple,https://rawmalroams.com/smiling-captions-for-instagram-smile-quotes-for-instagram/,,,,,,,,,,,,,
Happy,This is the smile that you get when your boss says you can leave early.,funny,https://rawmalroams.com/smiling-captions-for-instagram-smile-quotes-for-instagram/,,,,,,,,,,,,,
Happy,Give someone a reason to smile today.,simple,https://rawmalroams.com/smiling-captions-for-instagram-smile-quotes-for-instagram/,,,,,,,,,,,,,
Happy,Happiness is contagious.,catchy,https://rawmalroams.com/smiling-captions-for-instagram-smile-quotes-for-instagram/,,,,,,,,,,,,,
Happy,A smile on the face is a sign that the heart is at home.,clever,https://rawmalroams.com/smiling-captions-for-instagram-smile-quotes-for-instagram/,,,,,,,,,,,,,
Happy,A smile is a gift worth giving freely throughout the day.,clever,https://rawmalroams.com/smiling-captions-for-instagram-smile-quotes-for-instagram/,,,,,,,,,,,,,
Happy,Smiling will always make you a winner!,simple,https://rawmalroams.com/smiling-captions-for-instagram-smile-quotes-for-instagram/,,,,,,,,,,,,,
Happy,A winning smile makes winners of us all.,catchy,https://rawmalroams.com/smiling-captions-for-instagram-smile-quotes-for-instagram/,,,,,,,,,,,,,
Happy,A smile can stop a forthcoming frown in its tracks.,funny,https://rawmalroams.com/smiling-captions-for-instagram-smile-quotes-for-instagram/,,,,,,,,,,,,,
Happy,Peace of mind starts with a smile.,clever,https://rawmalroams.com/smiling-captions-for-instagram-smile-quotes-for-instagram/,,,,,,,,,,,,,
Happy,I’m a smiley person! Let me be your friend.,simple,https://rawmalroams.com/smiling-captions-for-instagram-smile-quotes-for-instagram/,,,,,,,,,,,,,
Happy,"Worry less, smile more. Don’t regret, just learn and grow.",motivational,https://rawmalroams.com/smiling-captions-for-instagram-smile-quotes-for-instagram/,,,,,,,,,,,,,
Happy,A picture of a kid with a “gangster smile.”,sassy,https://rawmalroams.com/smiling-captions-for-instagram-smile-quotes-for-instagram/,,,,,,,,,,,,,
Happy,Happy people make me happy.,catchy,https://rawmalroams.com/smiling-captions-for-instagram-smile-quotes-for-instagram/,,,,,,,,,,,,,
Happy,That moment when you realize you haven’t smiled in weeks.,simple,https://rawmalroams.com/smiling-captions-for-instagram-smile-quotes-for-instagram/,,,,,,,,,,,,,
Happy,Could I be any more adorable?,sassy,https://rawmalroams.com/smiling-captions-for-instagram-smile-quotes-for-instagram/,,,,,,,,,,,,,
Happy,Who says you can’t be both happy AND successful?,clever,https://rawmalroams.com/smiling-captions-for-instagram-smile-quotes-for-instagram/,,,,,,,,,,,,,
Happy,"There are good wrinkles and bad wrinkles. The good ones arise on smiling 
faces.",catchy,https://rawmalroams.com/smiling-captions-for-instagram-smile-quotes-for-instagram/,,,,,,,,,,,,,
Happy,"If you are too busy to laugh, you are too busy.",simple,https://rawmalroams.com/smiling-captions-for-instagram-smile-quotes-for-instagram/,,,,,,,,,,,,,
Happy,"“I add a smile to everything I wear and that has worked great for me.” – 
David White",quote,https://rawmalroams.com/smiling-captions-for-instagram-smile-quotes-for-instagram/,,,,,,,,,,,,,
Happy,“Laughter is the sun that drives winter from the human face.” –  Victor Hugo,quote,https://rawmalroams.com/smiling-captions-for-instagram-smile-quotes-for-instagram/,,,,,,,,,,,,,
Happy,"“We shall never know all the good that a simple smile can do.” –  Mother 
Teresa",quote,https://rawmalroams.com/smiling-captions-for-instagram-smile-quotes-for-instagram/,,,,,,,,,,,,,
Happy,“A smile is happiness you’ll find right under your nose.” – Tom Wilson,quote,https://rawmalroams.com/smiling-captions-for-instagram-smile-quotes-for-instagram/,,,,,,,,,,,,,
Happy,"“If you smile when you are alone, then you really mean it.” – Andy Rooney",quote,https://rawmalroams.com/smiling-captions-for-instagram-smile-quotes-for-instagram/,,,,,,,,,,,,,
Happy,"“I’ve been smiling all day. I think it’s because the sun is finally shining 
after all this rain.” – Unknown",quote,https://rawmalroams.com/smiling-captions-for-instagram-smile-quotes-for-instagram/,,,,,,,,,,,,,
Happy,"“Flashing a smile takes a split second. But it can last a lifetime in 
somebody’s memory.” – Unknown",quote,https://rawmalroams.com/smiling-captions-for-instagram-smile-quotes-for-instagram/,,,,,,,,,,,,,
Happy,"“When life gives you a hundred reasons to cry, show life that you have a 
thousand reasons to smile.” – Unknown",quote,https://rawmalroams.com/smiling-captions-for-instagram-smile-quotes-for-instagram/,,,,,,,,,,,,,
Happy,Life is short. Smile while you still have teeth.,funny,https://rawmalroams.com/smiling-captions-for-instagram-smile-quotes-for-instagram/,,,,,,,,,,,,,
Happy,"It’s too easy to be happy, so happy I am.",simple,https://rawmalroams.com/smiling-captions-for-instagram-smile-quotes-for-instagram/,,,,,,,,,,,,,
Happy,Smile. You’re literally designed to do it.,clever,https://rawmalroams.com/smiling-captions-for-instagram-smile-quotes-for-instagram/,,,,,,,,,,,,,
Happy,"Go on, gimme a smile you…smurf.",funny,https://rawmalroams.com/smiling-captions-for-instagram-smile-quotes-for-instagram/,,,,,,,,,,,,,
Happy,A laugh is a smile that’s lost control,clever,https://rawmalroams.com/smiling-captions-for-instagram-smile-quotes-for-instagram/,,,,,,,,,,,,,
Happy,Smile like you mean it.,simple,https://rawmalroams.com/smiling-captions-for-instagram-smile-quotes-for-instagram/,,,,,,,,,,,,,
Happy,No frowns with my new teeth!,funny,https://rawmalroams.com/smiling-captions-for-instagram-smile-quotes-for-instagram/,,,,,,,,,,,,,
Happy,I wear my smile like a suit of armor.,catchy,https://rawmalroams.com/smiling-captions-for-instagram-smile-quotes-for-instagram/,,,,,,,,,,,,,
Happy,"Teeth aren’t pearly, until you smile.",catchy,https://rawmalroams.com/smiling-captions-for-instagram-smile-quotes-for-instagram/,,,,,,,,,,,,,
Happy,Smiling is therapy without the price tag.,catchy,https://rawmalroams.com/smiling-captions-for-instagram-smile-quotes-for-instagram/,,,,,,,,,,,,,
Happy,A friendly reminder to smile. (and watch your teeth!),funny,https://rawmalroams.com/smiling-captions-for-instagram-smile-quotes-for-instagram/,,,,,,,,,,,,,
Happy,Wear a smile- it’s one size fits all!,catchy,https://rawmalroams.com/smiling-captions-for-instagram-smile-quotes-for-instagram/,,,,,,,,,,,,,
Happy,A smile is to a bad mood what the restart button is to a frozen computer.,funny,https://rawmalroams.com/smiling-captions-for-instagram-smile-quotes-for-instagram/,,,,,,,,,,,,,
Happy,"Are you looking for the perfect caption for your selfie? A smile got you 
covered!",simple,https://rawmalroams.com/smiling-captions-for-instagram-smile-quotes-for-instagram/,,,,,,,,,,,,,
Happy,Show me your pearly whites!,catchy,https://rawmalroams.com/smiling-captions-for-instagram-smile-quotes-for-instagram/,,,,,,,,,,,,,
Happy,The best way to break the ice is to smile at it.,clever,https://rawmalroams.com/smiling-captions-for-instagram-smile-quotes-for-instagram/,,,,,,,,,,,,,
Happy,Smile at every opportunity- even when you don’t know what’s going on!,clever,https://rawmalroams.com/smiling-captions-for-instagram-smile-quotes-for-instagram/,,,,,,,,,,,,,
Happy,"When you’re stuck in a traffic jam, every smile counts.",catchy,https://rawmalroams.com/smiling-captions-for-instagram-smile-quotes-for-instagram/,,,,,,,,,,,,,
Happy,I know I’m smiling but you can’t see it – the cameras on the fritz.,funny,https://rawmalroams.com/smiling-captions-for-instagram-smile-quotes-for-instagram/,,,,,,,,,,,,,
Happy,“Feeling good living better.” – Drake,lyrics,https://rawmalroams.com/smiling-captions-for-instagram-smile-quotes-for-instagram/,,,,,,,,,,,,,
Happy,"No matter where life takes me, find me with a smile. – Mac Miller",lyrics,https://rawmalroams.com/smiling-captions-for-instagram-smile-quotes-for-instagram/,,,,,,,,,,,,,
Surprised,The unexpected moment is always sweeter,simple,https://rawmalroams.com/smiling-captions-for-instagram-smile-quotes-for-instagram/,,,,,,,,,,,,,
Surprised,Surprise is the greatest gift which life can grant us,simple,https://rawmalroams.com/smiling-captions-for-instagram-smile-quotes-for-instagram/,,,,,,,,,,,,,
Surprised,Expect nothing. Live frugally on surprise.,clever,https://rawmalroams.com/smiling-captions-for-instagram-smile-quotes-for-instagram/,,,,,,,,,,,,,
Surprised,The best things happen unexpectedly.,simple,https://rawmalroams.com/smiling-captions-for-instagram-smile-quotes-for-instagram/,,,,,,,,,,,,,
Surprised,I try not to be surprised. A surprise is the public face of a mind that has been closed.,clever,https://rawmalroams.com/smiling-captions-for-instagram-smile-quotes-for-instagram/,,,,,,,,,,,,,
Surprised,"The mystery is at the heart of creativity. That, and surprise.",catchy,https://rawmalroams.com/smiling-captions-for-instagram-smile-quotes-for-instagram/,,,,,,,,,,,,,
Surprised,Let life surprise you,simple,https://www.women.com/michellenati/lists/surprise-party-instagram-captions-061419,,,,,,,,,,,,,
Surprised,Expect the unexpected,catchy,https://www.women.com/michellenati/lists/surprise-party-instagram-captions-061420,,,,,,,,,,,,,
Surprised,Now act like you had no idea this was happening,funny,https://www.women.com/michellenati/lists/surprise-party-instagram-captions-061421,,,,,,,,,,,,,
Surprised,Guess what?,funny,https://www.women.com/michellenati/lists/surprise-party-instagram-captions-061422,,,,,,,,,,,,,
Surprised,Shhhh.... It's a surprise,funny,https://www.women.com/michellenati/lists/surprise-party-instagram-captions-061423,,,,,,,,,,,,,
Surprised,"If you are wise, you'll prepare for a surprise",catchy,https://www.women.com/michellenati/lists/surprise-party-instagram-captions-061424,,,,,,,,,,,,,
Surprised,Those who are easily shocked should be shocked more often.,funny,https://www.searchquotes.com/search/Shocked_Face/#ixzz7T5ysIfv5,,,,,,,,,,,,,
Surprised,"Part of being an artist is being willing to be shocked, being willing to be surprised, being willing to be hurt.",art,https://www.searchquotes.com/search/Shocked_Face/#ixzz7T5ysIfv6,,,,,,,,,,,,,
Surprised,Surprising oneself is the greatest form of surprise.,clever,https://www.searchquotes.com/search/Shocked_Face/#ixzz7T5ysIfv7,,,,,,,,,,,,,
Surprised,A person expressing a moment of surpise or wonder,descirptive,,,,,,,,,,,,,,
Surprised,There is power in not knowing what will come next.,clever,https://www.searchquotes.com/search/Shocked_Face/#ixzz7T5ysIfv8,,,,,,,,,,,,,
Surprised,The secret to humor is surprise - Aristotle,quote,https://www.brainyquote.com/topics/surprise-quotes,,,,,,,,,,,,,
Surprised,There is no surprise more magical than the surprise of being loved: It is God's finger on man's shoulder - Charles Morgan,quote,https://www.brainyquote.com/topics/surprise-quotes,,,,,,,,,,,,,
Surprised,Art must take reality by surprise- Francoise Sagan,quote,https://www.brainyquote.com/topics/surprise-quotes,,,,,,,,,,,,,
Surprised,It is always better to wait for a good surprise instead of thinking about it - Mani Sharma,quote,https://www.brainyquote.com/topics/surprise-quotes,,,,,,,,,,,,,
Surprised,"Sometimes you surprise yourself with what you can handle, and if you come out the other end with some wisdom, then it's not such a bad thing -Boy George",quote,https://www.brainyquote.com/topics/surprise-quotes,,,,,,,,,,,,,
Surprised,Surprise is key in all art- Oscar Niemeyer,quote,https://www.brainyquote.com/topics/surprise-quotes,,,,,,,,,,,,,
Surprised,Whoever can surprise well must conquer- John Paul Jones,quote,https://www.brainyquote.com/topics/surprise-quotes,,,,,,,,,,,,,
Surprised,The husband who decides to surprise his wife is often very much surprised himself - Voltaire,quote,https://www.brainyquote.com/topics/surprise-quotes,,,,,,,,,,,,,
Surprised,"Expect the best, plan for the worst, and prepare to be surprised.",clever,https://www.brainyquote.com/topics/surprise-quotes,,,,,,,,,,,,,
Surprised,The nice part about being a pessimist is that you are constantly being either proven right or pleasantly surprised.,clever,https://www.brainyquote.com/topics/surprise-quotes,,,,,,,,,,,,,
Surprised,"To be surprised, to wonder, is to begin to understand.",clever,https://www.brainyquote.com/topics/surprise-quotes,,,,,,,,,,,,,
Surprised,I'm surprised I askaped the maddness - Nipsey Hussle,lyrics,https://www.brainyquote.com/topics/surprise-quotes,,,,,,,,,,,,,
Surprised,"Surprised by the joy of this, Surprised I'm alive I guess - Richard Ashcroft",lyrics,https://www.brainyquote.com/topics/surprise-quotes,,,,,,,,,,,,,
Sad,"Only in the darkness, you can see the stars!",motivational,https://captionsgram.com/sad-caption-for-instagram/,,,,,,,,,,,,,
Sad,"“And in the end, it’s not the people you miss. It’s the memories.”",clever,https://captionsgram.com/sad-caption-for-instagram/,,,,,,,,,,,,,
Sad,“Only if I could get a mask to hide the pallor of the pain you gifted.”,simple,https://captionsgram.com/sad-caption-for-instagram/,,,,,,,,,,,,,
Sad,"“Drowned in darkness, confined in pain.”",simple,https://captionsgram.com/sad-caption-for-instagram/,,,,,,,,,,,,,
Sad,"“Oh, how beautiful your eyes speak those lies!”",simple,https://captionsgram.com/sad-caption-for-instagram/,,,,,,,,,,,,,
Sad,“Scared to fall in love. “,simple,https://captionsgram.com/sad-caption-for-instagram/,,,,,,,,,,,,,
Sad,"“I guess broken pieces of glass hurt one badly and so does broken pieces of 
the human heart. “",clever,https://captionsgram.com/sad-caption-for-instagram/,,,,,,,,,,,,,
Sad,"“The worst part is time leaves forever but the pain it causes stays 
forever. “",clever,https://captionsgram.com/sad-caption-for-instagram/,,,,,,,,,,,,,
Sad,"“Sometimes, you keep on waiting for that perfect day when everything is 
actually going to be ‘OKAY. “",motivational,https://captionsgram.com/sad-caption-for-instagram/,,,,,,,,,,,,,
Sad,“It’s hard to understand that being us in the past now. “,simple,https://captionsgram.com/sad-caption-for-instagram/,,,,,,,,,,,,,
Sad,"“World’s may say that it’s over but somewhere in the heart, a feeling 
called love was still there. “",simple,https://captionsgram.com/sad-caption-for-instagram/,,,,,,,,,,,,,
Sad,"“His heart became too fragile and deprived of happiness. I think that heart 
was thirsty and the thirst was of love “",art,https://captionsgram.com/sad-caption-for-instagram/,,,,,,,,,,,,,
Sad,“I don’t want anything but your trust. “,simple,https://captionsgram.com/sad-caption-for-instagram/,,,,,,,,,,,,,
Sad,“You simply broke my trust in true love. “,simple,https://captionsgram.com/sad-caption-for-instagram/,,,,,,,,,,,,,
Sad,“I wish one could understand that not everything we say is a lie. “,simple,https://captionsgram.com/sad-caption-for-instagram/,,,,,,,,,,,,,
Sad,“I wish only if we could last a little longer. “,simple,https://captionsgram.com/sad-caption-for-instagram/,,,,,,,,,,,,,
Sad,“I wish FOREVER meant same to you that it means to me.”,simple,https://captionsgram.com/sad-caption-for-instagram/,,,,,,,,,,,,,
Sad,The only thing between me and total happiness is reality.,clever,https://captionsgram.com/sad-caption-for-instagram/,,,,,,,,,,,,,
Sad,"If my absence does not affect you, then my presence means nothing.",clever,https://captionsgram.com/sad-caption-for-instagram/,,,,,,,,,,,,,
Sad,Fear of falling in love.,simple,https://captionsgram.com/sad-caption-for-instagram/,,,,,,,,,,,,,
Sad,I am still waiting for someone who will never come.,simple,https://captionsgram.com/sad-caption-for-instagram/,,,,,,,,,,,,,
Sad,Expectation less. Because you don’t get much anyway.,simple,https://captionsgram.com/sad-caption-for-instagram/,,,,,,,,,,,,,
Sad,"Most painful scar in some: The scar that causes the most painful scar is 
the scar that is not visible.",clever,https://captionsgram.com/sad-caption-for-instagram/,,,,,,,,,,,,,
Sad,Do not leave me alone because I never want to leave you.,simple,https://captionsgram.com/sad-caption-for-instagram/,,,,,,,,,,,,,
Sad,"Different faces, different experiences, different monsters in you.",simple,https://captionsgram.com/sad-caption-for-instagram/,,,,,,,,,,,,,
Sad,You will miss me one day as I miss you today.,catchy,https://captionsgram.com/sad-caption-for-instagram/,,,,,,,,,,,,,
Sad,"Monsters don’t sleep under your bed, they scream in your head.",catchy,https://captionsgram.com/sad-caption-for-instagram/,,,,,,,,,,,,,
Sad,"Invisible scars are stains that harm our hearts. It can be cured, but there 
will always be a time of pain.",clever,https://captionsgram.com/sad-caption-for-instagram/,,,,,,,,,,,,,
Sad,Today is over forever when you meet someone better.,catchy,https://captionsgram.com/sad-caption-for-instagram/,,,,,,,,,,,,,
Sad,I fear my demons even in the dark night.,simple,https://captionsgram.com/sad-caption-for-instagram/,,,,,,,,,,,,,
Sad,I never stop loving I stopped showing him.,simple,https://captionsgram.com/sad-caption-for-instagram/,,,,,,,,,,,,,
Sad,"The time we were happy, there was no more harm than remembering Duriya at 
that time.",simple,https://captionsgram.com/sad-caption-for-instagram/,,,,,,,,,,,,,
Sad,I don’t want to brace myself anymore.,simple,https://captionsgram.com/sad-caption-for-instagram/,,,,,,,,,,,,,
Sad,"There were days when it was lit for the wrong people and one day you 
changed your heart to ashes.",clever,https://captionsgram.com/sad-caption-for-instagram/,,,,,,,,,,,,,
Sad,Can an apology give back the sorrow that has robbed the soul of happiness?,simple,https://captionsgram.com/sad-caption-for-instagram/,,,,,,,,,,,,,
Sad,"The more I find myself, the more I love you.",simple,https://captionsgram.com/sad-caption-for-instagram/,,,,,,,,,,,,,
Sad,Life is an art of drawing without eraser.,catchy,https://captionsgram.com/sad-caption-for-instagram/,,,,,,,,,,,,,
Sad,"Out of emotions, filled with emptiness.",simple,https://captionsgram.com/sad-caption-for-instagram/,,,,,,,,,,,,,
Sad,"Deep inside where nothing’s fine, I’ve lost my mind.",catchy,https://captionsgram.com/sad-caption-for-instagram/,,,,,,,,,,,,,
Sad,Tears are words that need to be written.,clever,https://captionsgram.com/sad-caption-for-instagram/,,,,,,,,,,,,,
Sad,Sad things happen. They do. But we don’t need to live sad forever. – Mattie Stepanek,quote,https://captionsgram.com/sad-caption-for-instagram/,,,,,,,,,,,,,
Sad,"Besides, sadness can motivate you to put in the effort to reach a happier place.",motivational,https://captionsgram.com/sad-caption-for-instagram/,,,,,,,,,,,,,
Sad,"Sad, lonely, and bad at math.",funny,https://captionsgram.com/sad-caption-for-instagram/,,,,,,,,,,,,,
Sad,Words are paintings of my voice.,simple,https://captionsgram.com/sad-caption-for-instagram/,,,,,,,,,,,,,
Sad,Stuck in the same mindset.,simple,https://captionsgram.com/sad-caption-for-instagram/,,,,,,,,,,,,,
Sad,Drowning in a whirlpool of emotions.,simple,https://captionsgram.com/sad-caption-for-instagram/,,,,,,,,,,,,,
Sad,"“You may say I’m a dreamer, but I’m not the only one.” – John Lennon",lyrics,Source: https://czechtheworld.com/instagram-captions-lyrics/#ixzz7Tl2oXxqD,,,,,,,,,,,,,
Sad,"“Lose your dream, you lose your mind.” ― The Rolling Stones",lyrics,Source: https://czechtheworld.com/instagram-captions-lyrics/#ixzz7Tl2oXxqD,,,,,,,,,,,,,
Sad,“Don’t criticize what you can’t understand.” ― Bob Dylan,lyrics,Source: https://czechtheworld.com/instagram-captions-lyrics/#ixzz7Tl2oXxqD,,,,,,,,,,,,,
Sad,A person expressing a sad emotion or dissappointment,descirptive,,,,,,,,,,,,,,
Sad,"Ask me how I’m doing, I’ll say okay. But ain’t that what we all say. – NF",lyrics,Source: https://czechtheworld.com/instagram-captions-lyrics/#ixzz7Tl2oXxqD,,,,,,,,,,,,,
Sad,"""You attract what you fear.' -Oh my God. I'm so scared of $10.6 Billion.""",funny,Source: https://czechtheworld.com/instagram-captions-lyrics/#ixzz7Tl2oXxqD,,,,,,,,,,,,,
Sad,"""Apparently you have to eat healthy more than once to get in shape. This is cruel and unfair.""",funny,Source: https://czechtheworld.com/instagram-captions-lyrics/#ixzz7Tl2oXxqD,,,,,,,,,,,,,
Sad,"""That awkward moment when you're wearing Nike's and you can't do it.""",funny,Source: https://czechtheworld.com/instagram-captions-lyrics/#ixzz7Tl2oXxqD,,,,,,,,,,,,,
Sad,"""No response is a response. And it's a powerful one. Remember that.""",clever,Source: https://czechtheworld.com/instagram-captions-lyrics/#ixzz7Tl2oXxqD,,,,,,,,,,,,,
Sad,"""Twinkle, twinkle little star ... Point me to the nearest bar.""",funny,Source: https://czechtheworld.com/instagram-captions-lyrics/#ixzz7Tl2oXxqD,,,,,,,,,,,,,
Sad,Try again. Fail again. Fail better.,motivational,Source: https://czechtheworld.com/instagram-captions-lyrics/#ixzz7Tl2oXxqD,,,,,,,,,,,,,
Sad,Someone please call 9 wine wine,funny,Source: https://czechtheworld.com/instagram-captions-lyrics/#ixzz7Tl2oXxqD,,,,,,,,,,,,,
Sad,Better an oops than a what if.,clever,Source: https://czechtheworld.com/instagram-captions-lyrics/#ixzz7Tl2oXxqD,,,,,,,,,,,,,
Sad,"When life knocks you down, roll over, and look at the stars",motivational,Source: https://czechtheworld.com/instagram-captions-lyrics/#ixzz7Tl2oXxqD,,,,,,,,,,,,,
Sad,"Always remember that if you’re no good, then you can still be used as a bad example.",funny,Source: https://czechtheworld.com/instagram-captions-lyrics/#ixzz7Tl2oXxqD,,,,,,,,,,,,,
Sad,"Apparently, rock bottom has a basement.",funny,Source: https://czechtheworld.com/instagram-captions-lyrics/#ixzz7Tl2oXxqD,,,,,,,,,,,,,
Sad,"When life knocks me down, I just get back up and say is that all you got",funny,Source: https://czechtheworld.com/instagram-captions-lyrics/#ixzz7Tl2oXxqD,,,,,,,,,,,,,
Neutral,Your secrets are safe with me… I wasn’t even listening.,funny,https://napoleoncat.com/blog/instagram-captions/,,,,,,,,,,,,,
Neutral,What you see is what you reflect.,clever,https://napoleoncat.com/blog/instagram-captions/,,,,,,,,,,,,,
Neutral,"Nothing is cooler and more attractive than a big comeback, and that’ll be me.",sassy,https://napoleoncat.com/blog/instagram-captions/,,,,,,,,,,,,,
Neutral,Many have an idea of me. Few get the picture.,catchy,https://napoleoncat.com/blog/instagram-captions/,,,,,,,,,,,,,
Neutral,Launching energy-saving mode now.,funny,https://napoleoncat.com/blog/instagram-captions/,,,,,,,,,,,,,
Neutral,Aspire to inspire before you expire,catchy,https://napoleoncat.com/blog/instagram-captions/,,,,,,,,,,,,,
Neutral,I got it from my mama,sassy,https://napoleoncat.com/blog/instagram-captions/,,,,,,,,,,,,,
Neutral,"Life isn’t perfect, but your hair can be",sassy,https://napoleoncat.com/blog/instagram-captions/,,,,,,,,,,,,,
Neutral,Make it happen,simple,https://napoleoncat.com/blog/instagram-captions/,,,,,,,,,,,,,
Neutral,Life is a big party,simple,https://napoleoncat.com/blog/instagram-captions/,,,,,,,,,,,,,
Neutral,Be anything but predictable,clever,https://napoleoncat.com/blog/instagram-captions/,,,,,,,,,,,,,
Neutral,"Wander often, wonder always",catchy,https://napoleoncat.com/blog/instagram-captions/,,,,,,,,,,,,,
Neutral,Life is too short for bad vibes,clever,https://napoleoncat.com/blog/instagram-captions/,,,,,,,,,,,,,
Neutral,Start somewhere,motivational,https://napoleoncat.com/blog/instagram-captions/,,,,,,,,,,,,,
Neutral,"Don’t be average, be savage",sassy,https://napoleoncat.com/blog/instagram-captions/,,,,,,,,,,,,,
Neutral,Make them stop and stare,sassy,https://napoleoncat.com/blog/instagram-captions/,,,,,,,,,,,,,
Neutral,It’s selfie o’clock,sassy,https://napoleoncat.com/blog/instagram-captions/,,,,,,,,,,,,,
Neutral,A person showing no facial expression or is feeling neutral,descirptive,,,,,,,,,,,,,,
Neutral,I woke up like this,sassy,https://napoleoncat.com/blog/instagram-captions/,,,,,,,,,,,,,
Neutral,Coffee and confidence,sassy,https://napoleoncat.com/blog/instagram-captions/,,,,,,,,,,,,,
Neutral,Too glam to give a damn,sassy,https://napoleoncat.com/blog/instagram-captions/,,,,,,,,,,,,,
Neutral,Take a ride on my energy,sassy,https://napoleoncat.com/blog/instagram-captions/,,,,,,,,,,,,,
Neutral,Self-love is the best love,sassy,https://napoleoncat.com/blog/instagram-captions/,,,,,,,,,,,,,
Neutral,A little contour + confidence,sassy,https://napoleoncat.com/blog/instagram-captions/,,,,,,,,,,,,,
Neutral,Grow through what you go through,motivational,https://napoleoncat.com/blog/instagram-captions/,,,,,,,,,,,,,
Neutral,"Today, I’ll be as useless as the ‘g’ in lasagna",funny,https://napoleoncat.com/blog/instagram-captions/,,,,,,,,,,,,,
Neutral,"Someone send this to NASA, I’m a star!",funny,https://napoleoncat.com/blog/instagram-captions/,,,,,,,,,,,,,
Neutral,I think you are lacking vitamin me,funny,https://napoleoncat.com/blog/instagram-captions/,,,,,,,,,,,,,
Neutral,Common sense is not so common.,clever,https://napoleoncat.com/blog/instagram-captions/,,,,,,,,,,,,,
Neutral,Don’t talk unless you can improve the silence.,clever,https://napoleoncat.com/blog/instagram-captions/,,,,,,,,,,,,,
Neutral,Beauty isn`t a state of your appearance; it`s the state of your mind.,clever,https://napoleoncat.com/blog/instagram-captions/,,,,,,,,,,,,,
Neutral,Don’t study me. You won’t graduate.,sassy,https://napoleoncat.com/blog/instagram-captions/,,,,,,,,,,,,,
Neutral,I do a thing called what I want.,sassy,https://napoleoncat.com/blog/instagram-captions/,,,,,,,,,,,,,
Neutral,"I’m a rainbow, but you are color blind.",sassy,https://napoleoncat.com/blog/instagram-captions/,,,,,,,,,,,,,
Neutral,Nobody is perfect; I’m nobody.,sassy,https://napoleoncat.com/blog/instagram-captions/,,,,,,,,,,,,,
Neutral,A person who never made a mistake never tried anything.,motivational,https://napoleoncat.com/blog/instagram-captions/,,,,,,,,,,,,,
Neutral,Don’t die before you’re dead.,motivational,https://napoleoncat.com/blog/instagram-captions/,,,,,,,,,,,,,
Neutral,Don’t stop now.,motivational,https://napoleoncat.com/blog/instagram-captions/,,,,,,,,,,,,,
Neutral,"I bend, but I don’t break.",motivational,https://napoleoncat.com/blog/instagram-captions/,,,,,,,,,,,,,
Neutral,If it was easy everyone would do it.,motivational,https://napoleoncat.com/blog/instagram-captions/,,,,,,,,,,,,,
Neutral,If you can’t be positive then at least be quiet.,motivational,https://napoleoncat.com/blog/instagram-captions/,,,,,,,,,,,,,
Neutral,"Is all about time, you will do it.",motivational,https://napoleoncat.com/blog/instagram-captions/,,,,,,,,,,,,,
Neutral,It’s going to happen because I’m going to make it happen.,motivational,https://napoleoncat.com/blog/instagram-captions/,,,,,,,,,,,,,
Neutral,It’s a beautiful day.,motivational,https://napoleoncat.com/blog/instagram-captions/,,,,,,,,,,,,,
Neutral,Keep working in silence.,motivational,https://napoleoncat.com/blog/instagram-captions/,,,,,,,,,,,,,
Neutral,Nobody can’t stop me.,motivational,https://napoleoncat.com/blog/instagram-captions/,,,,,,,,,,,,,
Neutral,Not giving up is my only path.,motivational,https://napoleoncat.com/blog/instagram-captions/,,,,,,,,,,,,,
Neutral,The future is bright.,motivational,https://napoleoncat.com/blog/instagram-captions/,,,,,,,,,,,,,
Neutral,The smallest change can make the biggest difference,motivational,https://napoleoncat.com/blog/instagram-captions/,,,,,,,,,,,,,
Neutral,There is no way to completely fail unless you completely quit.,motivational,https://napoleoncat.com/blog/instagram-captions/,,,,,,,,,,,,,
Neutral,There is no limit.,motivational,https://napoleoncat.com/blog/instagram-captions/,,,,,,,,,,,,,
Neutral,They listen more when you speak less.,motivational,https://napoleoncat.com/blog/instagram-captions/,,,,,,,,,,,,,
Neutral,Thoughts become things.,motivational,https://napoleoncat.com/blog/instagram-captions/,,,,,,,,,,,,,
Neutral,Today’s struggle is tomorrow’s strength.,motivational,https://napoleoncat.com/blog/instagram-captions/,,,,,,,,,,,,,
Neutral,You were not given this life to be average.,motivational,https://napoleoncat.com/blog/instagram-captions/,,,,,,,,,,,,,
Neutral,Beauty begins the moment you decide to be yourself.,motivational,https://napoleoncat.com/blog/instagram-captions/,,,,,,,,,,,,,
Neutral,"Don’t say, just show.",simple,https://napoleoncat.com/blog/instagram-captions/,,,,,,,,,,,,,
Neutral,"Even tough you-re fed up, you gotta keep your head up. – Tupac",lyrics,https://napoleoncat.com/blog/instagram-captions/,,,,,,,,,,,,,
Neutral,Either you play the game or watch the game play you. – J.Cole,lyrics,https://napoleoncat.com/blog/instagram-captions/,,,,,,,,,,,,,
Neutral,They say good things come to those who wait. So ima be at least about an hour late. – Kanye West,lyrics,https://napoleoncat.com/blog/instagram-captions/,,,,,,,,,,,,,
Neutral,"To appreciate the sun, you gotta know what rain is. – J. Cole",lyrics,https://napoleoncat.com/blog/instagram-captions/,,,,,,,,,,,,,
Neutral,The weather’s so breezy… why can’t life always be this easy? -  Kanye West,lyrics,https://napoleoncat.com/blog/instagram-captions/,,,,,,,,,,,,,
Neutral,"Life is amazin’, it is what it should be.",lyrics,https://napoleoncat.com/blog/instagram-captions/,,,,,,,,,,,,,
Neutral,"I’d shoot for the moon, but I’m too busy gazing at stars.",lyrics,https://napoleoncat.com/blog/instagram-captions/,,,,,,,,,,,,,
Neutral,"My ex asked me, ‘Where you movin’?’ I said, ‘On to better things.",lyrics,https://napoleoncat.com/blog/instagram-captions/,,,,,,,,,,,,,
Neutral,"Art is not what you see, but what you make others see.",art,https://napoleoncat.com/blog/instagram-captions/,,,,,,,,,,,,,
Neutral,The purpose of art is washing the dust of daily life off our souls.,art,https://napoleoncat.com/blog/instagram-captions/,,,,,,,,,,,,,
Neutral,Art is as natural as sunshine and as vital as nourishment.,art,https://napoleoncat.com/blog/instagram-captions/,,,,,,,,,,,,,
Neutral,How do artists greet one another? Yellow!,art,https://napoleoncat.com/blog/instagram-captions/,,,,,,,,,,,,,
Neutral,"Why can you never trust an artist? Because they are a bit sketchy, a little shady, and will always try to frame you.",art,https://napoleoncat.com/blog/instagram-captions/,,,,,,,,,,,,,
Neutral,I can. I Will. End of Story,sassy,https://napoleoncat.com/blog/instagram-captions/,,,,,,,,,,,,,
Neutral,"""Felt cute, won’t delete later.""",sassy,https://napoleoncat.com/blog/instagram-captions/,,,,,,,,,,,,,
Neutral,"""Ladies and gentlemen, me.""",catchy ,https://napoleoncat.com/blog/instagram-captions/,,,,,,,,,,,,,
Neutral,,,https://napoleoncat.com/blog/instagram-captions/,,,,,,,,,,,,,
Neutral,Does my sparkle burn your eyes?,sassy,https://napoleoncat.com/blog/instagram-captions/,,,,,,,,,,,,,
Anger,The frustration and anger are understandable and justifiable.”,clever,https://captionsbook.com/angry-captions-for-instagram/,,,,,,,,,,,,,
Anger,“Keep your temper. A decidion made in anger is never sound.”,clever,https://captionsbook.com/angry-captions-for-instagram/,,,,,,,,,,,,,
Anger,“We boil at different degrees.”,catchy,https://captionsbook.com/angry-captions-for-instagram/,,,,,,,,,,,,,
Anger,“The greatest remedy for anger is a delay.”,clever,https://captionsbook.com/angry-captions-for-instagram/,,,,,,,,,,,,,
Anger,“Grab the broom of anger and drive off the beast of fear.”,catchy,https://captionsbook.com/angry-captions-for-instagram/,,,,,,,,,,,,,
Anger,“Silence is oe of the hardest arguments of refute.”,clever,https://captionsbook.com/angry-captions-for-instagram/,,,,,,,,,,,,,
Anger,When I am silent. I have thunder hidden inside,clever,https://captionsbook.com/angry-captions-for-instagram/,,,,,,,,,,,,,
Anger,“Break heart of my friend and you will get your bones in pieces.”,sassy,https://captionsbook.com/angry-captions-for-instagram/,,,,,,,,,,,,,
Anger,“I forgive but I never forget.”,simple,https://captionsbook.com/angry-captions-for-instagram/,,,,,,,,,,,,,
Anger,"“If you don’t care, same here.”",sassy,https://captionsbook.com/angry-captions-for-instagram/,,,,,,,,,,,,,
Anger,“Anger is the sign that something needs to change.”,clever,https://captionsbook.com/angry-captions-for-instagram/,,,,,,,,,,,,,
Anger,“A broken bone can heal. But the wound a word opens can fester forever.”,clever,https://captionsbook.com/angry-captions-for-instagram/,,,,,,,,,,,,,
Anger,“Anger is never without a reason. But seldom with a good one.”,clever,https://captionsbook.com/angry-captions-for-instagram/,,,,,,,,,,,,,
Anger,“Keep cool; anger is not an argument.”,catchy,https://captionsbook.com/angry-captions-for-instagram/,,,,,,,,,,,,,
Anger,"“When anger rises, think of the consequences.”",clever,https://captionsbook.com/angry-captions-for-instagram/,,,,,,,,,,,,,
Anger,"“When angry count to ten before you speak. If very angry, count to one hundred.”",funny,https://captionsbook.com/angry-captions-for-instagram/,,,,,,,,,,,,,
Anger,“Anger is what makes a clear mind clouded.”,clever,https://captionsbook.com/angry-captions-for-instagram/,,,,,,,,,,,,,
Anger,“Leash the anger on purpose. Unleash it when falling apart.”,clever,https://captionsbook.com/angry-captions-for-instagram/,,,,,,,,,,,,,
Anger,“To be angry is to revenge the faults of others upon ourselves.”,clever,https://captionsbook.com/angry-captions-for-instagram/,,,,,,,,,,,,,
Anger,“Anger is the enemy of non-violence and pride is a monster that swallows it up.”,clever,https://captionsbook.com/angry-captions-for-instagram/,,,,,,,,,,,,,
Anger,“I could use a punching bag right now.”,funny,https://captionsbook.com/angry-captions-for-instagram/,,,,,,,,,,,,,
Anger,“Anger itself does more harm than the condition which aroused anger.”,clever,https://captionsbook.com/angry-captions-for-instagram/,,,,,,,,,,,,,
Anger,Anger is one letter short of danger.,clever,https://captionsbook.com/angry-captions-for-instagram/,,,,,,,,,,,,,
Anger,“Speak when you are angry and you will make the best speech you will ever regret.”,funny,https://captionsbook.com/angry-captions-for-instagram/,,,,,,,,,,,,,
Anger,A person who seems frustrated or mad,descriptive,,,,,,,,,,,,,,
Anger,For every minutte you are angry you lose sixty seconds of happiness.,simple,https://captionsbook.com/angry-captions-for-instagram/,,,,,,,,,,,,,
Anger,Even the nicest people have their limits,simple,https://captionsbook.com/angry-captions-for-instagram/,,,,,,,,,,,,,
Anger,I hope karma slaps you in the face before i do,funny,https://captionsbook.com/angry-captions-for-instagram/,,,,,,,,,,,,,
Anger,"I am not in a bad mood, everyone is just annoying",funny,https://captionsbook.com/angry-captions-for-instagram/,,,,,,,,,,,,,
Anger,"Beware, i’m not in my greatest mood today",funny,https://captionsbook.com/angry-captions-for-instagram/,,,,,,,,,,,,,
Anger,"I am so angry, i could punch someone right now",funny,https://captionsbook.com/angry-captions-for-instagram/,,,,,,,,,,,,,
Anger,"It’s easy to get angry, but anger destroys. Good can come of bad, but it usually doesn’t.",motivational,https://captionsbook.com/angry-captions-for-instagram/,,,,,,,,,,,,,
Anger,Anger is a short madness ,clever,https://captionsbook.com/angry-captions-for-instagram/,,,,,,,,,,,,,
Anger,"""Do not let your anger lead to hatred, as you will hurt yourself more than you would the other."" - Stephen Richards.",quote,https://captionsbook.com/angry-captions-for-instagram/,,,,,,,,,,,,,
Anger,"""Anger always comes from frustrated expectations."" - Elliott Larson.",quote,https://captionsbook.com/angry-captions-for-instagram/,,,,,,,,,,,,,
Anger,"""Anger blows out the lamp of the mind."" - Robert G. Ingersoll.",quote,https://captionsbook.com/angry-captions-for-instagram/,,,,,,,,,,,,,
Anger,"""Anger is a boomerang."" - Karen Salmansohn.",quote,https://captionsbook.com/angry-captions-for-instagram/,,,,,,,,,,,,,
Anger,"Get mad, then get over it. -Colin Powell",quote,https://captionsbook.com/angry-captions-for-instagram/,,,,,,,,,,,,,
Anger,Revenge is often like biting a dog because the dog bit you. -  Austin O'Malley,quote,https://captionsbook.com/angry-captions-for-instagram/,,,,,,,,,,,,,
Anger,I am a danger to myself if I get angry. - Oriana Fallaci,quote,https://captionsbook.com/angry-captions-for-instagram/,,,,,,,,,,,,,
Anger,A hungry man is an angry one,funny,https://captionsbook.com/angry-captions-for-instagram/,,,,,,,,,,,,,
Anger,"Yeah, you got some anger but I don't blame you at all - G-Eazy",lyrics,https://captionsbook.com/angry-captions-for-instagram/,,,,,,,,,,,,,
Anger,CAN YOU TURN MY ANGER TO LOVE? - Brad Brooks,lyrics,https://captionsbook.com/angry-captions-for-instagram/,,,,,,,,,,,,,
Anger,Come calm my anger - Elis,lyrics,https://captionsbook.com/angry-captions-for-instagram/,,,,,,,,,,,,,
Anger,"Anger is an easy friend when anger's what you feel - Ellie Campbell

",lyrics,https://captionsbook.com/angry-captions-for-instagram/,,,,,,,,,,,,,
Anger,Anger is a danger when you let it break your soul - Jon the Journalis,lyrics,https://captionsbook.com/angry-captions-for-instagram/,,,,,,,,,,,,,
Anger,"The anger is real, the riots are limitless - G-Eazy",lyrics,https://captionsbook.com/angry-captions-for-instagram/,,,,,,,,,,,,,
Fear,I see some things that you might fear - Travis Scott,lyrics,https://captionsbook.com/angry-captions-for-instagram/,,,,,,,,,,,,,
Fear,We fear how we feel inside - Eminem,lyrics,https://captionsbook.com/angry-captions-for-instagram/,,,,,,,,,,,,,
Fear,"I never feared death or dyin', I only fear never tryin' - Migos",lyrics,https://captionsbook.com/angry-captions-for-instagram/,,,,,,,,,,,,,
Fear,"The same old fears, wish you were here - Pink Floyd",lyrics,https://captionsbook.com/angry-captions-for-instagram/,,,,,,,,,,,,,
Fear,The only thing we have to fear is fear itself. -Franklin D. Roosevelt,quote,https://captionsbook.com/angry-captions-for-instagram/,,,,,,,,,,,,,
Fear,There is no such thing as paranoia. Your worst fears can come true at any moment.- Hunter S. Thompson,quote,https://captionsbook.com/angry-captions-for-instagram/,,,,,,,,,,,,,
Fear,Thinking will not overcome fear but action will. -W. Clement Stone,quote,https://captionsbook.com/angry-captions-for-instagram/,,,,,,,,,,,,,
Fear,Fear is the mother of foresight. -Thomas Hardy,quote,https://captionsbook.com/angry-captions-for-instagram/,,,,,,,,,,,,,
Fear,Do what you fear and fear disappears. -David Joseph Schwartz,quote,https://captionsbook.com/angry-captions-for-instagram/,,,,,,,,,,,,,
Fear,We fear things in proportion to our ignorance of them- Christian Nestell Bovee,quote,https://captionsbook.com/angry-captions-for-instagram/,,,,,,,,,,,,,
Fear,A person who seems frightened or scared,descriptive,,,,,,,,,,,,,,
Fear,Bravery is being the only one who knows you're afraid.,clever,https://captionsbook.com/angry-captions-for-instagram/,,,,,,,,,,,,,
Fear,"“Fear is the main source of superstition, and one of the main sources of cruelty. To conquer fear is the beginning of wisdom.”",motivational,https://captionsbook.com/angry-captions-for-instagram/,,,,,,,,,,,,,
Fear,"Fears are educated into us, and can, if we wish, be educated out",motivational,https://captionsbook.com/angry-captions-for-instagram/,,,,,,,,,,,,,
Fear,Fear is only as deep as the mind allows,motivational,https://captionsbook.com/angry-captions-for-instagram/,,,,,,,,,,,,,
Fear,Fears are stories we tell ourselves,simple,https://captionsbook.com/angry-captions-for-instagram/,,,,,,,,,,,,,
Fear,I think fearless is having fears but jumping anyway.,catchy,https://captionsbook.com/angry-captions-for-instagram/,,,,,,,,,,,,,
Fear,Fear is excitement without breath.,clever,https://captionsbook.com/angry-captions-for-instagram/,,,,,,,,,,,,,
Fear,Don't be afraid to see what you see. ,catchy,https://captionsbook.com/angry-captions-for-instagram/,,,,,,,,,,,,,
Fear,Fears are nothing more than a state of mind,clever,https://captionsbook.com/angry-captions-for-instagram/,,,,,,,,,,,,,
Fear,We fear the thing we want the most.,clever,https://captionsbook.com/angry-captions-for-instagram/,,,,,,,,,,,,,
Fear,I have a fear of being boring.,funny,https://captionsbook.com/angry-captions-for-instagram/,,,,,,,,,,,,,
Fear,"I don’t have a fear of heights. I do, however, have a fear of falling from heights.",funny,https://captionsbook.com/angry-captions-for-instagram/,,,,,,,,,,,,,
Fear,Creepin' it real!,funny ,https://captionsbook.com/angry-captions-for-instagram/,,,,,,,,,,,,,
Fear,"What doesn’t kill you, disappoints me profoundly!",funny,https://captionsbook.com/angry-captions-for-instagram/,,,,,,,,,,,,,
Fear,,,,,,,,,,,,,,,,
Fear,,,,,,,,,,,,,,,,
Fear,,,,,,,,,,,,,,,,
Fear,,,,,,,,,,,,,,,,
Fear,,,,,,,,,,,,,,,,